<quizzes>
  <quiz courseName="Demo Course" courseType="TECNICO" courseExecutionType="TECNICO" acronym="DemoCourse" academicTerm="1st Semester 2017/2018" key="2" scramble="true" qrCodeOnly="false" oneWay="true" type="IN_CLASS" title="In Class Quiz One Way" creationDate="2023-04-11T09:40:15.390688Z" availableDate="2023-04-11T09:40:15.390697Z" conclusionDate="2023-04-12T07:40:15.390703Z">
    <quizQuestions />
  </quiz>
  <quiz courseName="Demo Course" courseType="TECNICO" courseExecutionType="TECNICO" acronym="DemoCourse" academicTerm="1st Semester 2017/2018" key="1" scramble="true" qrCodeOnly="false" oneWay="false" type="IN_CLASS" title="In Class Quiz" creationDate="2023-04-11T09:40:15.391058Z" availableDate="2023-04-11T09:40:15.391063Z" conclusionDate="2023-04-12T07:40:15.391065Z">
    <quizQuestions />
  </quiz>
  <quiz courseName="Demo Course" courseType="TECNICO" courseExecutionType="TECNICO" acronym="DemoCourse" academicTerm="1st Semester 2017/2018" key="3" scramble="true" qrCodeOnly="false" oneWay="false" type="PROPOSED" title="Teacher Proposed" creationDate="2023-04-11T09:40:15.391212Z" availableDate="2023-04-11T09:40:15.391216Z">
    <quizQuestions />
  </quiz>
  <quiz courseName="Demo Course" courseType="TECNICO" courseExecutionType="TECNICO" acronym="DemoCourse" academicTerm="1st Semester 2017/2018" key="4" scramble="false" qrCodeOnly="false" oneWay="false" type="PROPOSED" title="Non Scrambled" creationDate="2023-04-11T09:40:15.391394Z" availableDate="2023-04-11T09:40:15.391398Z">
    <quizQuestions />
  </quiz>
</quizzes>