<users>
  <user key="1" name="Demo Teacher" role="TEACHER" admin="false" creationDate="2023-04-11T09:40:14.784497Z">
    <authUsers>
      <authUser username="demo-teacher" email="demo_teacher@mail.com" type="DEMO" isActive="true" />
    </authUsers>
    <courseExecutions>
      <courseExecution executionId="2" />
      <courseExecution executionId="3" />
      <courseExecution executionId="1" />
      <courseExecution executionId="4" />
    </courseExecutions>
  </user>
  <user key="2" name="Student 0" role="STUDENT" admin="false" creationDate="2023-04-11T09:40:14.860149Z">
    <authUsers>
      <authUser username="demostudent 0" email="demostudent@tecnico.ulisboa.pt" type="TECNICO" isActive="true" />
    </authUsers>
    <courseExecutions>
      <courseExecution executionId="1" />
    </courseExecutions>
  </user>
  <user key="3" name="Student 1" role="STUDENT" admin="false" creationDate="2023-04-11T09:40:14.867869Z">
    <authUsers>
      <authUser username="demostudent 1" email="demostudent@tecnico.ulisboa.pt" type="TECNICO" isActive="true" />
    </authUsers>
    <courseExecutions>
      <courseExecution executionId="1" />
    </courseExecutions>
  </user>
  <user key="4" name="Student 2" role="STUDENT" admin="false" creationDate="2023-04-11T09:40:14.872460Z">
    <authUsers>
      <authUser username="demostudent 2" email="demostudent@tecnico.ulisboa.pt" type="TECNICO" isActive="true" />
    </authUsers>
    <courseExecutions>
      <courseExecution executionId="1" />
    </courseExecutions>
  </user>
  <user key="5" name="Student 3" role="STUDENT" admin="false" creationDate="2023-04-11T09:40:14.877361Z">
    <authUsers>
      <authUser username="demostudent 3" email="demostudent@tecnico.ulisboa.pt" type="TECNICO" isActive="true" />
    </authUsers>
    <courseExecutions>
      <courseExecution executionId="1" />
    </courseExecutions>
  </user>
  <user key="6" name="Student 4" role="STUDENT" admin="false" creationDate="2023-04-11T09:40:14.881150Z">
    <authUsers>
      <authUser username="demostudent 4" email="demostudent@tecnico.ulisboa.pt" type="TECNICO" isActive="true" />
    </authUsers>
    <courseExecutions>
      <courseExecution executionId="1" />
    </courseExecutions>
  </user>
  <user key="7" name="Student 5" role="STUDENT" admin="false" creationDate="2023-04-11T09:40:14.885614Z">
    <authUsers>
      <authUser username="demostudent 5" email="demostudent@tecnico.ulisboa.pt" type="TECNICO" isActive="true" />
    </authUsers>
    <courseExecutions>
      <courseExecution executionId="1" />
    </courseExecutions>
  </user>
  <user key="8" name="Student 6" role="STUDENT" admin="false" creationDate="2023-04-11T09:40:14.889451Z">
    <authUsers>
      <authUser username="demostudent 6" email="demostudent@tecnico.ulisboa.pt" type="TECNICO" isActive="true" />
    </authUsers>
    <courseExecutions>
      <courseExecution executionId="1" />
    </courseExecutions>
  </user>
  <user key="9" name="Student 7" role="STUDENT" admin="false" creationDate="2023-04-11T09:40:14.893032Z">
    <authUsers>
      <authUser username="demostudent 7" email="demostudent@tecnico.ulisboa.pt" type="TECNICO" isActive="true" />
    </authUsers>
    <courseExecutions>
      <courseExecution executionId="1" />
    </courseExecutions>
  </user>
  <user key="10" name="Student 8" role="STUDENT" admin="false" creationDate="2023-04-11T09:40:14.897543Z">
    <authUsers>
      <authUser username="demostudent 8" email="demostudent@tecnico.ulisboa.pt" type="TECNICO" isActive="true" />
    </authUsers>
    <courseExecutions>
      <courseExecution executionId="1" />
    </courseExecutions>
  </user>
  <user key="11" name="Student 9" role="STUDENT" admin="false" creationDate="2023-04-11T09:40:14.901044Z">
    <authUsers>
      <authUser username="demostudent 9" email="demostudent@tecnico.ulisboa.pt" type="TECNICO" isActive="true" />
    </authUsers>
    <courseExecutions>
      <courseExecution executionId="1" />
    </courseExecutions>
  </user>
  <user key="12" name="Student 10" role="STUDENT" admin="false" creationDate="2023-04-11T09:40:14.905490Z">
    <authUsers>
      <authUser username="demostudent 10" email="demostudent@tecnico.ulisboa.pt" type="TECNICO" isActive="true" />
    </authUsers>
    <courseExecutions>
      <courseExecution executionId="1" />
    </courseExecutions>
  </user>
  <user key="13" name="Student 11" role="STUDENT" admin="false" creationDate="2023-04-11T09:40:14.909162Z">
    <authUsers>
      <authUser username="demostudent 11" email="demostudent@tecnico.ulisboa.pt" type="TECNICO" isActive="true" />
    </authUsers>
    <courseExecutions>
      <courseExecution executionId="1" />
    </courseExecutions>
  </user>
  <user key="14" name="Student 12" role="STUDENT" admin="false" creationDate="2023-04-11T09:40:14.912507Z">
    <authUsers>
      <authUser username="demostudent 12" email="demostudent@tecnico.ulisboa.pt" type="TECNICO" isActive="true" />
    </authUsers>
    <courseExecutions>
      <courseExecution executionId="1" />
    </courseExecutions>
  </user>
  <user key="15" name="Student 13" role="STUDENT" admin="false" creationDate="2023-04-11T09:40:14.915778Z">
    <authUsers>
      <authUser username="demostudent 13" email="demostudent@tecnico.ulisboa.pt" type="TECNICO" isActive="true" />
    </authUsers>
    <courseExecutions>
      <courseExecution executionId="1" />
    </courseExecutions>
  </user>
  <user key="16" name="Student 14" role="STUDENT" admin="false" creationDate="2023-04-11T09:40:14.919627Z">
    <authUsers>
      <authUser username="demostudent 14" email="demostudent@tecnico.ulisboa.pt" type="TECNICO" isActive="true" />
    </authUsers>
    <courseExecutions>
      <courseExecution executionId="1" />
    </courseExecutions>
  </user>
  <user key="17" name="Student 15" role="STUDENT" admin="false" creationDate="2023-04-11T09:40:14.923354Z">
    <authUsers>
      <authUser username="demostudent 15" email="demostudent@tecnico.ulisboa.pt" type="TECNICO" isActive="true" />
    </authUsers>
    <courseExecutions>
      <courseExecution executionId="1" />
    </courseExecutions>
  </user>
  <user key="18" name="Student 16" role="STUDENT" admin="false" creationDate="2023-04-11T09:40:14.926684Z">
    <authUsers>
      <authUser username="demostudent 16" email="demostudent@tecnico.ulisboa.pt" type="TECNICO" isActive="true" />
    </authUsers>
    <courseExecutions>
      <courseExecution executionId="1" />
    </courseExecutions>
  </user>
  <user key="19" name="Student 17" role="STUDENT" admin="false" creationDate="2023-04-11T09:40:14.930237Z">
    <authUsers>
      <authUser username="demostudent 17" email="demostudent@tecnico.ulisboa.pt" type="TECNICO" isActive="true" />
    </authUsers>
    <courseExecutions>
      <courseExecution executionId="1" />
    </courseExecutions>
  </user>
  <user key="20" name="Student 18" role="STUDENT" admin="false" creationDate="2023-04-11T09:40:14.933266Z">
    <authUsers>
      <authUser username="demostudent 18" email="demostudent@tecnico.ulisboa.pt" type="TECNICO" isActive="true" />
    </authUsers>
    <courseExecutions>
      <courseExecution executionId="1" />
    </courseExecutions>
  </user>
  <user key="21" name="Student 19" role="STUDENT" admin="false" creationDate="2023-04-11T09:40:14.936546Z">
    <authUsers>
      <authUser username="demostudent 19" email="demostudent@tecnico.ulisboa.pt" type="TECNICO" isActive="true" />
    </authUsers>
    <courseExecutions>
      <courseExecution executionId="1" />
    </courseExecutions>
  </user>
  <user key="22" name="Student 20" role="STUDENT" admin="false" creationDate="2023-04-11T09:40:14.939483Z">
    <authUsers>
      <authUser username="demostudent 20" email="demostudent@tecnico.ulisboa.pt" type="TECNICO" isActive="true" />
    </authUsers>
    <courseExecutions>
      <courseExecution executionId="1" />
    </courseExecutions>
  </user>
  <user key="23" name="Student 21" role="STUDENT" admin="false" creationDate="2023-04-11T09:40:14.942730Z">
    <authUsers>
      <authUser username="demostudent 21" email="demostudent@tecnico.ulisboa.pt" type="TECNICO" isActive="true" />
    </authUsers>
    <courseExecutions>
      <courseExecution executionId="1" />
    </courseExecutions>
  </user>
  <user key="24" name="Student 22" role="STUDENT" admin="false" creationDate="2023-04-11T09:40:14.945898Z">
    <authUsers>
      <authUser username="demostudent 22" email="demostudent@tecnico.ulisboa.pt" type="TECNICO" isActive="true" />
    </authUsers>
    <courseExecutions>
      <courseExecution executionId="1" />
    </courseExecutions>
  </user>
  <user key="25" name="Student 23" role="STUDENT" admin="false" creationDate="2023-04-11T09:40:14.949080Z">
    <authUsers>
      <authUser username="demostudent 23" email="demostudent@tecnico.ulisboa.pt" type="TECNICO" isActive="true" />
    </authUsers>
    <courseExecutions>
      <courseExecution executionId="1" />
    </courseExecutions>
  </user>
  <user key="26" name="Student 24" role="STUDENT" admin="false" creationDate="2023-04-11T09:40:14.951877Z">
    <authUsers>
      <authUser username="demostudent 24" email="demostudent@tecnico.ulisboa.pt" type="TECNICO" isActive="true" />
    </authUsers>
    <courseExecutions>
      <courseExecution executionId="1" />
    </courseExecutions>
  </user>
  <user key="27" name="Student 25" role="STUDENT" admin="false" creationDate="2023-04-11T09:40:14.954672Z">
    <authUsers>
      <authUser username="demostudent 25" email="demostudent@tecnico.ulisboa.pt" type="TECNICO" isActive="true" />
    </authUsers>
    <courseExecutions>
      <courseExecution executionId="1" />
    </courseExecutions>
  </user>
  <user key="28" name="Student 26" role="STUDENT" admin="false" creationDate="2023-04-11T09:40:14.957501Z">
    <authUsers>
      <authUser username="demostudent 26" email="demostudent@tecnico.ulisboa.pt" type="TECNICO" isActive="true" />
    </authUsers>
    <courseExecutions>
      <courseExecution executionId="1" />
    </courseExecutions>
  </user>
  <user key="29" name="Student 27" role="STUDENT" admin="false" creationDate="2023-04-11T09:40:14.960486Z">
    <authUsers>
      <authUser username="demostudent 27" email="demostudent@tecnico.ulisboa.pt" type="TECNICO" isActive="true" />
    </authUsers>
    <courseExecutions>
      <courseExecution executionId="1" />
    </courseExecutions>
  </user>
  <user key="30" name="Student 28" role="STUDENT" admin="false" creationDate="2023-04-11T09:40:14.963647Z">
    <authUsers>
      <authUser username="demostudent 28" email="demostudent@tecnico.ulisboa.pt" type="TECNICO" isActive="true" />
    </authUsers>
    <courseExecutions>
      <courseExecution executionId="1" />
    </courseExecutions>
  </user>
  <user key="31" name="Student 29" role="STUDENT" admin="false" creationDate="2023-04-11T09:40:14.966781Z">
    <authUsers>
      <authUser username="demostudent 29" email="demostudent@tecnico.ulisboa.pt" type="TECNICO" isActive="true" />
    </authUsers>
    <courseExecutions>
      <courseExecution executionId="1" />
    </courseExecutions>
  </user>
  <user key="32" name="Student 30" role="STUDENT" admin="false" creationDate="2023-04-11T09:40:14.969673Z">
    <authUsers>
      <authUser username="demostudent 30" email="demostudent@tecnico.ulisboa.pt" type="TECNICO" isActive="true" />
    </authUsers>
    <courseExecutions>
      <courseExecution executionId="1" />
    </courseExecutions>
  </user>
  <user key="33" name="Student 31" role="STUDENT" admin="false" creationDate="2023-04-11T09:40:14.972491Z">
    <authUsers>
      <authUser username="demostudent 31" email="demostudent@tecnico.ulisboa.pt" type="TECNICO" isActive="true" />
    </authUsers>
    <courseExecutions>
      <courseExecution executionId="1" />
    </courseExecutions>
  </user>
  <user key="34" name="Student 32" role="STUDENT" admin="false" creationDate="2023-04-11T09:40:14.975403Z">
    <authUsers>
      <authUser username="demostudent 32" email="demostudent@tecnico.ulisboa.pt" type="TECNICO" isActive="true" />
    </authUsers>
    <courseExecutions>
      <courseExecution executionId="1" />
    </courseExecutions>
  </user>
  <user key="35" name="Student 33" role="STUDENT" admin="false" creationDate="2023-04-11T09:40:14.978463Z">
    <authUsers>
      <authUser username="demostudent 33" email="demostudent@tecnico.ulisboa.pt" type="TECNICO" isActive="true" />
    </authUsers>
    <courseExecutions>
      <courseExecution executionId="1" />
    </courseExecutions>
  </user>
  <user key="36" name="Student 34" role="STUDENT" admin="false" creationDate="2023-04-11T09:40:14.981496Z">
    <authUsers>
      <authUser username="demostudent 34" email="demostudent@tecnico.ulisboa.pt" type="TECNICO" isActive="true" />
    </authUsers>
    <courseExecutions>
      <courseExecution executionId="1" />
    </courseExecutions>
  </user>
  <user key="37" name="Student 35" role="STUDENT" admin="false" creationDate="2023-04-11T09:40:14.984443Z">
    <authUsers>
      <authUser username="demostudent 35" email="demostudent@tecnico.ulisboa.pt" type="TECNICO" isActive="true" />
    </authUsers>
    <courseExecutions>
      <courseExecution executionId="1" />
    </courseExecutions>
  </user>
  <user key="38" name="Student 36" role="STUDENT" admin="false" creationDate="2023-04-11T09:40:14.987176Z">
    <authUsers>
      <authUser username="demostudent 36" email="demostudent@tecnico.ulisboa.pt" type="TECNICO" isActive="true" />
    </authUsers>
    <courseExecutions>
      <courseExecution executionId="1" />
    </courseExecutions>
  </user>
  <user key="39" name="Student 37" role="STUDENT" admin="false" creationDate="2023-04-11T09:40:14.990142Z">
    <authUsers>
      <authUser username="demostudent 37" email="demostudent@tecnico.ulisboa.pt" type="TECNICO" isActive="true" />
    </authUsers>
    <courseExecutions>
      <courseExecution executionId="1" />
    </courseExecutions>
  </user>
  <user key="40" name="Student 38" role="STUDENT" admin="false" creationDate="2023-04-11T09:40:14.993009Z">
    <authUsers>
      <authUser username="demostudent 38" email="demostudent@tecnico.ulisboa.pt" type="TECNICO" isActive="true" />
    </authUsers>
    <courseExecutions>
      <courseExecution executionId="1" />
    </courseExecutions>
  </user>
  <user key="41" name="Student 39" role="STUDENT" admin="false" creationDate="2023-04-11T09:40:14.995703Z">
    <authUsers>
      <authUser username="demostudent 39" email="demostudent@tecnico.ulisboa.pt" type="TECNICO" isActive="true" />
    </authUsers>
    <courseExecutions>
      <courseExecution executionId="1" />
    </courseExecutions>
  </user>
  <user key="42" name="Student 40" role="STUDENT" admin="false" creationDate="2023-04-11T09:40:14.998561Z">
    <authUsers>
      <authUser username="demostudent 40" email="demostudent@tecnico.ulisboa.pt" type="TECNICO" isActive="true" />
    </authUsers>
    <courseExecutions>
      <courseExecution executionId="1" />
    </courseExecutions>
  </user>
  <user key="43" name="Student 41" role="STUDENT" admin="false" creationDate="2023-04-11T09:40:15.001281Z">
    <authUsers>
      <authUser username="demostudent 41" email="demostudent@tecnico.ulisboa.pt" type="TECNICO" isActive="true" />
    </authUsers>
    <courseExecutions>
      <courseExecution executionId="1" />
    </courseExecutions>
  </user>
  <user key="44" name="Student 42" role="STUDENT" admin="false" creationDate="2023-04-11T09:40:15.003938Z">
    <authUsers>
      <authUser username="demostudent 42" email="demostudent@tecnico.ulisboa.pt" type="TECNICO" isActive="true" />
    </authUsers>
    <courseExecutions>
      <courseExecution executionId="1" />
    </courseExecutions>
  </user>
  <user key="45" name="Student 43" role="STUDENT" admin="false" creationDate="2023-04-11T09:40:15.006325Z">
    <authUsers>
      <authUser username="demostudent 43" email="demostudent@tecnico.ulisboa.pt" type="TECNICO" isActive="true" />
    </authUsers>
    <courseExecutions>
      <courseExecution executionId="1" />
    </courseExecutions>
  </user>
  <user key="46" name="Student 44" role="STUDENT" admin="false" creationDate="2023-04-11T09:40:15.009225Z">
    <authUsers>
      <authUser username="demostudent 44" email="demostudent@tecnico.ulisboa.pt" type="TECNICO" isActive="true" />
    </authUsers>
    <courseExecutions>
      <courseExecution executionId="1" />
    </courseExecutions>
  </user>
  <user key="47" name="Student 45" role="STUDENT" admin="false" creationDate="2023-04-11T09:40:15.012352Z">
    <authUsers>
      <authUser username="demostudent 45" email="demostudent@tecnico.ulisboa.pt" type="TECNICO" isActive="true" />
    </authUsers>
    <courseExecutions>
      <courseExecution executionId="1" />
    </courseExecutions>
  </user>
  <user key="48" name="Student 50" role="STUDENT" admin="false" creationDate="2023-04-11T09:40:15.015503Z">
    <authUsers>
      <authUser username="demostudent 50" email="demostudent@tecnico.ulisboa.pt" type="TECNICO" isActive="true" />
    </authUsers>
    <courseExecutions>
      <courseExecution executionId="2" />
    </courseExecutions>
  </user>
  <user key="49" name="Student 51" role="STUDENT" admin="false" creationDate="2023-04-11T09:40:15.019739Z">
    <authUsers>
      <authUser username="demostudent 51" email="demostudent@tecnico.ulisboa.pt" type="TECNICO" isActive="true" />
    </authUsers>
    <courseExecutions>
      <courseExecution executionId="2" />
    </courseExecutions>
  </user>
  <user key="50" name="Student 52" role="STUDENT" admin="false" creationDate="2023-04-11T09:40:15.022918Z">
    <authUsers>
      <authUser username="demostudent 52" email="demostudent@tecnico.ulisboa.pt" type="TECNICO" isActive="true" />
    </authUsers>
    <courseExecutions>
      <courseExecution executionId="2" />
    </courseExecutions>
  </user>
  <user key="51" name="Student 53" role="STUDENT" admin="false" creationDate="2023-04-11T09:40:15.026031Z">
    <authUsers>
      <authUser username="demostudent 53" email="demostudent@tecnico.ulisboa.pt" type="TECNICO" isActive="true" />
    </authUsers>
    <courseExecutions>
      <courseExecution executionId="2" />
    </courseExecutions>
  </user>
  <user key="52" name="Student 54" role="STUDENT" admin="false" creationDate="2023-04-11T09:40:15.029237Z">
    <authUsers>
      <authUser username="demostudent 54" email="demostudent@tecnico.ulisboa.pt" type="TECNICO" isActive="true" />
    </authUsers>
    <courseExecutions>
      <courseExecution executionId="2" />
    </courseExecutions>
  </user>
  <user key="53" name="Student 55" role="STUDENT" admin="false" creationDate="2023-04-11T09:40:15.032548Z">
    <authUsers>
      <authUser username="demostudent 55" email="demostudent@tecnico.ulisboa.pt" type="TECNICO" isActive="true" />
    </authUsers>
    <courseExecutions>
      <courseExecution executionId="2" />
    </courseExecutions>
  </user>
  <user key="54" name="Student 56" role="STUDENT" admin="false" creationDate="2023-04-11T09:40:15.035521Z">
    <authUsers>
      <authUser username="demostudent 56" email="demostudent@tecnico.ulisboa.pt" type="TECNICO" isActive="true" />
    </authUsers>
    <courseExecutions>
      <courseExecution executionId="2" />
    </courseExecutions>
  </user>
  <user key="55" name="Student 57" role="STUDENT" admin="false" creationDate="2023-04-11T09:40:15.038809Z">
    <authUsers>
      <authUser username="demostudent 57" email="demostudent@tecnico.ulisboa.pt" type="TECNICO" isActive="true" />
    </authUsers>
    <courseExecutions>
      <courseExecution executionId="2" />
    </courseExecutions>
  </user>
  <user key="56" name="Student 58" role="STUDENT" admin="false" creationDate="2023-04-11T09:40:15.041970Z">
    <authUsers>
      <authUser username="demostudent 58" email="demostudent@tecnico.ulisboa.pt" type="TECNICO" isActive="true" />
    </authUsers>
    <courseExecutions>
      <courseExecution executionId="2" />
    </courseExecutions>
  </user>
  <user key="57" name="Student 59" role="STUDENT" admin="false" creationDate="2023-04-11T09:40:15.045109Z">
    <authUsers>
      <authUser username="demostudent 59" email="demostudent@tecnico.ulisboa.pt" type="TECNICO" isActive="true" />
    </authUsers>
    <courseExecutions>
      <courseExecution executionId="2" />
    </courseExecutions>
  </user>
  <user key="58" name="Student 60" role="STUDENT" admin="false" creationDate="2023-04-11T09:40:15.048302Z">
    <authUsers>
      <authUser username="demostudent 60" email="demostudent@tecnico.ulisboa.pt" type="TECNICO" isActive="true" />
    </authUsers>
    <courseExecutions>
      <courseExecution executionId="2" />
    </courseExecutions>
  </user>
  <user key="59" name="Student 61" role="STUDENT" admin="false" creationDate="2023-04-11T09:40:15.051388Z">
    <authUsers>
      <authUser username="demostudent 61" email="demostudent@tecnico.ulisboa.pt" type="TECNICO" isActive="true" />
    </authUsers>
    <courseExecutions>
      <courseExecution executionId="2" />
    </courseExecutions>
  </user>
  <user key="60" name="Student 62" role="STUDENT" admin="false" creationDate="2023-04-11T09:40:15.054475Z">
    <authUsers>
      <authUser username="demostudent 62" email="demostudent@tecnico.ulisboa.pt" type="TECNICO" isActive="true" />
    </authUsers>
    <courseExecutions>
      <courseExecution executionId="2" />
    </courseExecutions>
  </user>
  <user key="61" name="Student 63" role="STUDENT" admin="false" creationDate="2023-04-11T09:40:15.057541Z">
    <authUsers>
      <authUser username="demostudent 63" email="demostudent@tecnico.ulisboa.pt" type="TECNICO" isActive="true" />
    </authUsers>
    <courseExecutions>
      <courseExecution executionId="2" />
    </courseExecutions>
  </user>
  <user key="62" name="Student 64" role="STUDENT" admin="false" creationDate="2023-04-11T09:40:15.060697Z">
    <authUsers>
      <authUser username="demostudent 64" email="demostudent@tecnico.ulisboa.pt" type="TECNICO" isActive="true" />
    </authUsers>
    <courseExecutions>
      <courseExecution executionId="2" />
    </courseExecutions>
  </user>
  <user key="63" name="Student 65" role="STUDENT" admin="false" creationDate="2023-04-11T09:40:15.064406Z">
    <authUsers>
      <authUser username="demostudent 65" email="demostudent@tecnico.ulisboa.pt" type="TECNICO" isActive="true" />
    </authUsers>
    <courseExecutions>
      <courseExecution executionId="2" />
    </courseExecutions>
  </user>
  <user key="64" name="Student 66" role="STUDENT" admin="false" creationDate="2023-04-11T09:40:15.067448Z">
    <authUsers>
      <authUser username="demostudent 66" email="demostudent@tecnico.ulisboa.pt" type="TECNICO" isActive="true" />
    </authUsers>
    <courseExecutions>
      <courseExecution executionId="2" />
    </courseExecutions>
  </user>
  <user key="65" name="Student 67" role="STUDENT" admin="false" creationDate="2023-04-11T09:40:15.070728Z">
    <authUsers>
      <authUser username="demostudent 67" email="demostudent@tecnico.ulisboa.pt" type="TECNICO" isActive="true" />
    </authUsers>
    <courseExecutions>
      <courseExecution executionId="2" />
    </courseExecutions>
  </user>
  <user key="66" name="Student 68" role="STUDENT" admin="false" creationDate="2023-04-11T09:40:15.073968Z">
    <authUsers>
      <authUser username="demostudent 68" email="demostudent@tecnico.ulisboa.pt" type="TECNICO" isActive="true" />
    </authUsers>
    <courseExecutions>
      <courseExecution executionId="2" />
    </courseExecutions>
  </user>
  <user key="67" name="Student 69" role="STUDENT" admin="false" creationDate="2023-04-11T09:40:15.078463Z">
    <authUsers>
      <authUser username="demostudent 69" email="demostudent@tecnico.ulisboa.pt" type="TECNICO" isActive="true" />
    </authUsers>
    <courseExecutions>
      <courseExecution executionId="2" />
    </courseExecutions>
  </user>
  <user key="68" name="Student 70" role="STUDENT" admin="false" creationDate="2023-04-11T09:40:15.081134Z">
    <authUsers>
      <authUser username="demostudent 70" email="demostudent@tecnico.ulisboa.pt" type="TECNICO" isActive="true" />
    </authUsers>
    <courseExecutions>
      <courseExecution executionId="2" />
    </courseExecutions>
  </user>
  <user key="69" name="Student 71" role="STUDENT" admin="false" creationDate="2023-04-11T09:40:15.084054Z">
    <authUsers>
      <authUser username="demostudent 71" email="demostudent@tecnico.ulisboa.pt" type="TECNICO" isActive="true" />
    </authUsers>
    <courseExecutions>
      <courseExecution executionId="2" />
    </courseExecutions>
  </user>
  <user key="70" name="Student 72" role="STUDENT" admin="false" creationDate="2023-04-11T09:40:15.087126Z">
    <authUsers>
      <authUser username="demostudent 72" email="demostudent@tecnico.ulisboa.pt" type="TECNICO" isActive="true" />
    </authUsers>
    <courseExecutions>
      <courseExecution executionId="2" />
    </courseExecutions>
  </user>
  <user key="71" name="Student 73" role="STUDENT" admin="false" creationDate="2023-04-11T09:40:15.090293Z">
    <authUsers>
      <authUser username="demostudent 73" email="demostudent@tecnico.ulisboa.pt" type="TECNICO" isActive="true" />
    </authUsers>
    <courseExecutions>
      <courseExecution executionId="2" />
    </courseExecutions>
  </user>
  <user key="72" name="Student 74" role="STUDENT" admin="false" creationDate="2023-04-11T09:40:15.093567Z">
    <authUsers>
      <authUser username="demostudent 74" email="demostudent@tecnico.ulisboa.pt" type="TECNICO" isActive="true" />
    </authUsers>
    <courseExecutions>
      <courseExecution executionId="2" />
    </courseExecutions>
  </user>
  <user key="73" name="Student 75" role="STUDENT" admin="false" creationDate="2023-04-11T09:40:15.096469Z">
    <authUsers>
      <authUser username="demostudent 75" email="demostudent@tecnico.ulisboa.pt" type="TECNICO" isActive="true" />
    </authUsers>
    <courseExecutions>
      <courseExecution executionId="2" />
    </courseExecutions>
  </user>
  <user key="74" name="Student 76" role="STUDENT" admin="false" creationDate="2023-04-11T09:40:15.098944Z">
    <authUsers>
      <authUser username="demostudent 76" email="demostudent@tecnico.ulisboa.pt" type="TECNICO" isActive="true" />
    </authUsers>
    <courseExecutions>
      <courseExecution executionId="2" />
    </courseExecutions>
  </user>
  <user key="75" name="Student 77" role="STUDENT" admin="false" creationDate="2023-04-11T09:40:15.101972Z">
    <authUsers>
      <authUser username="demostudent 77" email="demostudent@tecnico.ulisboa.pt" type="TECNICO" isActive="true" />
    </authUsers>
    <courseExecutions>
      <courseExecution executionId="2" />
    </courseExecutions>
  </user>
  <user key="76" name="Student 150" role="STUDENT" admin="false" creationDate="2023-04-11T09:40:15.105179Z">
    <authUsers>
      <authUser username="demostudent 150" email="demostudent@tecnico.ulisboa.pt" type="TECNICO" isActive="true" />
    </authUsers>
    <courseExecutions>
      <courseExecution executionId="3" />
    </courseExecutions>
  </user>
  <user key="77" name="Student 151" role="STUDENT" admin="false" creationDate="2023-04-11T09:40:15.108379Z">
    <authUsers>
      <authUser username="demostudent 151" email="demostudent@tecnico.ulisboa.pt" type="TECNICO" isActive="true" />
    </authUsers>
    <courseExecutions>
      <courseExecution executionId="3" />
    </courseExecutions>
  </user>
  <user key="78" name="Student 152" role="STUDENT" admin="false" creationDate="2023-04-11T09:40:15.111145Z">
    <authUsers>
      <authUser username="demostudent 152" email="demostudent@tecnico.ulisboa.pt" type="TECNICO" isActive="true" />
    </authUsers>
    <courseExecutions>
      <courseExecution executionId="3" />
    </courseExecutions>
  </user>
  <user key="79" name="Student 153" role="STUDENT" admin="false" creationDate="2023-04-11T09:40:15.114212Z">
    <authUsers>
      <authUser username="demostudent 153" email="demostudent@tecnico.ulisboa.pt" type="TECNICO" isActive="true" />
    </authUsers>
    <courseExecutions>
      <courseExecution executionId="3" />
    </courseExecutions>
  </user>
  <user key="80" name="Student 154" role="STUDENT" admin="false" creationDate="2023-04-11T09:40:15.117254Z">
    <authUsers>
      <authUser username="demostudent 154" email="demostudent@tecnico.ulisboa.pt" type="TECNICO" isActive="true" />
    </authUsers>
    <courseExecutions>
      <courseExecution executionId="3" />
    </courseExecutions>
  </user>
  <user key="81" name="Student 155" role="STUDENT" admin="false" creationDate="2023-04-11T09:40:15.120272Z">
    <authUsers>
      <authUser username="demostudent 155" email="demostudent@tecnico.ulisboa.pt" type="TECNICO" isActive="true" />
    </authUsers>
    <courseExecutions>
      <courseExecution executionId="3" />
    </courseExecutions>
  </user>
  <user key="82" name="Student 156" role="STUDENT" admin="false" creationDate="2023-04-11T09:40:15.123311Z">
    <authUsers>
      <authUser username="demostudent 156" email="demostudent@tecnico.ulisboa.pt" type="TECNICO" isActive="true" />
    </authUsers>
    <courseExecutions>
      <courseExecution executionId="3" />
    </courseExecutions>
  </user>
  <user key="83" name="Student 157" role="STUDENT" admin="false" creationDate="2023-04-11T09:40:15.126707Z">
    <authUsers>
      <authUser username="demostudent 157" email="demostudent@tecnico.ulisboa.pt" type="TECNICO" isActive="true" />
    </authUsers>
    <courseExecutions>
      <courseExecution executionId="3" />
    </courseExecutions>
  </user>
  <user key="84" name="Student 158" role="STUDENT" admin="false" creationDate="2023-04-11T09:40:15.129512Z">
    <authUsers>
      <authUser username="demostudent 158" email="demostudent@tecnico.ulisboa.pt" type="TECNICO" isActive="true" />
    </authUsers>
    <courseExecutions>
      <courseExecution executionId="3" />
    </courseExecutions>
  </user>
  <user key="85" name="Student 159" role="STUDENT" admin="false" creationDate="2023-04-11T09:40:15.132380Z">
    <authUsers>
      <authUser username="demostudent 159" email="demostudent@tecnico.ulisboa.pt" type="TECNICO" isActive="true" />
    </authUsers>
    <courseExecutions>
      <courseExecution executionId="3" />
    </courseExecutions>
  </user>
  <user key="86" name="Student 160" role="STUDENT" admin="false" creationDate="2023-04-11T09:40:15.134965Z">
    <authUsers>
      <authUser username="demostudent 160" email="demostudent@tecnico.ulisboa.pt" type="TECNICO" isActive="true" />
    </authUsers>
    <courseExecutions>
      <courseExecution executionId="3" />
    </courseExecutions>
  </user>
  <user key="87" name="Student 161" role="STUDENT" admin="false" creationDate="2023-04-11T09:40:15.137722Z">
    <authUsers>
      <authUser username="demostudent 161" email="demostudent@tecnico.ulisboa.pt" type="TECNICO" isActive="true" />
    </authUsers>
    <courseExecutions>
      <courseExecution executionId="3" />
    </courseExecutions>
  </user>
  <user key="88" name="Student 162" role="STUDENT" admin="false" creationDate="2023-04-11T09:40:15.140930Z">
    <authUsers>
      <authUser username="demostudent 162" email="demostudent@tecnico.ulisboa.pt" type="TECNICO" isActive="true" />
    </authUsers>
    <courseExecutions>
      <courseExecution executionId="3" />
    </courseExecutions>
  </user>
  <user key="89" name="Student 163" role="STUDENT" admin="false" creationDate="2023-04-11T09:40:15.143994Z">
    <authUsers>
      <authUser username="demostudent 163" email="demostudent@tecnico.ulisboa.pt" type="TECNICO" isActive="true" />
    </authUsers>
    <courseExecutions>
      <courseExecution executionId="3" />
    </courseExecutions>
  </user>
  <user key="90" name="Student 164" role="STUDENT" admin="false" creationDate="2023-04-11T09:40:15.146917Z">
    <authUsers>
      <authUser username="demostudent 164" email="demostudent@tecnico.ulisboa.pt" type="TECNICO" isActive="true" />
    </authUsers>
    <courseExecutions>
      <courseExecution executionId="3" />
    </courseExecutions>
  </user>
  <user key="91" name="Student 165" role="STUDENT" admin="false" creationDate="2023-04-11T09:40:15.149909Z">
    <authUsers>
      <authUser username="demostudent 165" email="demostudent@tecnico.ulisboa.pt" type="TECNICO" isActive="true" />
    </authUsers>
    <courseExecutions>
      <courseExecution executionId="3" />
    </courseExecutions>
  </user>
  <user key="92" name="Student 166" role="STUDENT" admin="false" creationDate="2023-04-11T09:40:15.153043Z">
    <authUsers>
      <authUser username="demostudent 166" email="demostudent@tecnico.ulisboa.pt" type="TECNICO" isActive="true" />
    </authUsers>
    <courseExecutions>
      <courseExecution executionId="3" />
    </courseExecutions>
  </user>
  <user key="93" name="Student 167" role="STUDENT" admin="false" creationDate="2023-04-11T09:40:15.156329Z">
    <authUsers>
      <authUser username="demostudent 167" email="demostudent@tecnico.ulisboa.pt" type="TECNICO" isActive="true" />
    </authUsers>
    <courseExecutions>
      <courseExecution executionId="3" />
    </courseExecutions>
  </user>
  <user key="94" name="Student 168" role="STUDENT" admin="false" creationDate="2023-04-11T09:40:15.159474Z">
    <authUsers>
      <authUser username="demostudent 168" email="demostudent@tecnico.ulisboa.pt" type="TECNICO" isActive="true" />
    </authUsers>
    <courseExecutions>
      <courseExecution executionId="3" />
    </courseExecutions>
  </user>
  <user key="95" name="Student 169" role="STUDENT" admin="false" creationDate="2023-04-11T09:40:15.163116Z">
    <authUsers>
      <authUser username="demostudent 169" email="demostudent@tecnico.ulisboa.pt" type="TECNICO" isActive="true" />
    </authUsers>
    <courseExecutions>
      <courseExecution executionId="3" />
    </courseExecutions>
  </user>
  <user key="96" name="Student 170" role="STUDENT" admin="false" creationDate="2023-04-11T09:40:15.166535Z">
    <authUsers>
      <authUser username="demostudent 170" email="demostudent@tecnico.ulisboa.pt" type="TECNICO" isActive="true" />
    </authUsers>
    <courseExecutions>
      <courseExecution executionId="3" />
    </courseExecutions>
  </user>
  <user key="97" name="Student 171" role="STUDENT" admin="false" creationDate="2023-04-11T09:40:15.169776Z">
    <authUsers>
      <authUser username="demostudent 171" email="demostudent@tecnico.ulisboa.pt" type="TECNICO" isActive="true" />
    </authUsers>
    <courseExecutions>
      <courseExecution executionId="3" />
    </courseExecutions>
  </user>
  <user key="98" name="Student 172" role="STUDENT" admin="false" creationDate="2023-04-11T09:40:15.173065Z">
    <authUsers>
      <authUser username="demostudent 172" email="demostudent@tecnico.ulisboa.pt" type="TECNICO" isActive="true" />
    </authUsers>
    <courseExecutions>
      <courseExecution executionId="3" />
    </courseExecutions>
  </user>
  <user key="99" name="Student 173" role="STUDENT" admin="false" creationDate="2023-04-11T09:40:15.176574Z">
    <authUsers>
      <authUser username="demostudent 173" email="demostudent@tecnico.ulisboa.pt" type="TECNICO" isActive="true" />
    </authUsers>
    <courseExecutions>
      <courseExecution executionId="3" />
    </courseExecutions>
  </user>
  <user key="100" name="Student 174" role="STUDENT" admin="false" creationDate="2023-04-11T09:40:15.180394Z">
    <authUsers>
      <authUser username="demostudent 174" email="demostudent@tecnico.ulisboa.pt" type="TECNICO" isActive="true" />
    </authUsers>
    <courseExecutions>
      <courseExecution executionId="3" />
    </courseExecutions>
  </user>
  <user key="101" name="Student 175" role="STUDENT" admin="false" creationDate="2023-04-11T09:40:15.183710Z">
    <authUsers>
      <authUser username="demostudent 175" email="demostudent@tecnico.ulisboa.pt" type="TECNICO" isActive="true" />
    </authUsers>
    <courseExecutions>
      <courseExecution executionId="3" />
    </courseExecutions>
  </user>
  <user key="102" name="Student 176" role="STUDENT" admin="false" creationDate="2023-04-11T09:40:15.186723Z">
    <authUsers>
      <authUser username="demostudent 176" email="demostudent@tecnico.ulisboa.pt" type="TECNICO" isActive="true" />
    </authUsers>
    <courseExecutions>
      <courseExecution executionId="3" />
    </courseExecutions>
  </user>
  <user key="103" name="Student 177" role="STUDENT" admin="false" creationDate="2023-04-11T09:40:15.189866Z">
    <authUsers>
      <authUser username="demostudent 177" email="demostudent@tecnico.ulisboa.pt" type="TECNICO" isActive="true" />
    </authUsers>
    <courseExecutions>
      <courseExecution executionId="3" />
    </courseExecutions>
  </user>
  <user key="104" name="Student 178" role="STUDENT" admin="false" creationDate="2023-04-11T09:40:15.193459Z">
    <authUsers>
      <authUser username="demostudent 178" email="demostudent@tecnico.ulisboa.pt" type="TECNICO" isActive="true" />
    </authUsers>
    <courseExecutions>
      <courseExecution executionId="3" />
    </courseExecutions>
  </user>
  <user key="105" name="Student 179" role="STUDENT" admin="false" creationDate="2023-04-11T09:40:15.197036Z">
    <authUsers>
      <authUser username="demostudent 179" email="demostudent@tecnico.ulisboa.pt" type="TECNICO" isActive="true" />
    </authUsers>
    <courseExecutions>
      <courseExecution executionId="3" />
    </courseExecutions>
  </user>
  <user key="106" name="Student 180" role="STUDENT" admin="false" creationDate="2023-04-11T09:40:15.200574Z">
    <authUsers>
      <authUser username="demostudent 180" email="demostudent@tecnico.ulisboa.pt" type="TECNICO" isActive="true" />
    </authUsers>
    <courseExecutions>
      <courseExecution executionId="3" />
    </courseExecutions>
  </user>
  <user key="107" name="Student 181" role="STUDENT" admin="false" creationDate="2023-04-11T09:40:15.204165Z">
    <authUsers>
      <authUser username="demostudent 181" email="demostudent@tecnico.ulisboa.pt" type="TECNICO" isActive="true" />
    </authUsers>
    <courseExecutions>
      <courseExecution executionId="3" />
    </courseExecutions>
  </user>
  <user key="108" name="Student 182" role="STUDENT" admin="false" creationDate="2023-04-11T09:40:15.207706Z">
    <authUsers>
      <authUser username="demostudent 182" email="demostudent@tecnico.ulisboa.pt" type="TECNICO" isActive="true" />
    </authUsers>
    <courseExecutions>
      <courseExecution executionId="3" />
    </courseExecutions>
  </user>
  <user key="109" name="Student 183" role="STUDENT" admin="false" creationDate="2023-04-11T09:40:15.210893Z">
    <authUsers>
      <authUser username="demostudent 183" email="demostudent@tecnico.ulisboa.pt" type="TECNICO" isActive="true" />
    </authUsers>
    <courseExecutions>
      <courseExecution executionId="3" />
    </courseExecutions>
  </user>
  <user key="110" name="Student 184" role="STUDENT" admin="false" creationDate="2023-04-11T09:40:15.214041Z">
    <authUsers>
      <authUser username="demostudent 184" email="demostudent@tecnico.ulisboa.pt" type="TECNICO" isActive="true" />
    </authUsers>
    <courseExecutions>
      <courseExecution executionId="3" />
    </courseExecutions>
  </user>
  <user key="111" name="Student 185" role="STUDENT" admin="false" creationDate="2023-04-11T09:40:15.217233Z">
    <authUsers>
      <authUser username="demostudent 185" email="demostudent@tecnico.ulisboa.pt" type="TECNICO" isActive="true" />
    </authUsers>
    <courseExecutions>
      <courseExecution executionId="3" />
    </courseExecutions>
  </user>
  <user key="112" name="Student 186" role="STUDENT" admin="false" creationDate="2023-04-11T09:40:15.220352Z">
    <authUsers>
      <authUser username="demostudent 186" email="demostudent@tecnico.ulisboa.pt" type="TECNICO" isActive="true" />
    </authUsers>
    <courseExecutions>
      <courseExecution executionId="3" />
    </courseExecutions>
  </user>
  <user key="113" name="Student 187" role="STUDENT" admin="false" creationDate="2023-04-11T09:40:15.223295Z">
    <authUsers>
      <authUser username="demostudent 187" email="demostudent@tecnico.ulisboa.pt" type="TECNICO" isActive="true" />
    </authUsers>
    <courseExecutions>
      <courseExecution executionId="3" />
    </courseExecutions>
  </user>
  <user key="114" name="Student 188" role="STUDENT" admin="false" creationDate="2023-04-11T09:40:15.226393Z">
    <authUsers>
      <authUser username="demostudent 188" email="demostudent@tecnico.ulisboa.pt" type="TECNICO" isActive="true" />
    </authUsers>
    <courseExecutions>
      <courseExecution executionId="3" />
    </courseExecutions>
  </user>
  <user key="115" name="Student 189" role="STUDENT" admin="false" creationDate="2023-04-11T09:40:15.229481Z">
    <authUsers>
      <authUser username="demostudent 189" email="demostudent@tecnico.ulisboa.pt" type="TECNICO" isActive="true" />
    </authUsers>
    <courseExecutions>
      <courseExecution executionId="3" />
    </courseExecutions>
  </user>
  <user key="116" name="Student 190" role="STUDENT" admin="false" creationDate="2023-04-11T09:40:15.232651Z">
    <authUsers>
      <authUser username="demostudent 190" email="demostudent@tecnico.ulisboa.pt" type="TECNICO" isActive="true" />
    </authUsers>
    <courseExecutions>
      <courseExecution executionId="3" />
    </courseExecutions>
  </user>
  <user key="117" name="Student 191" role="STUDENT" admin="false" creationDate="2023-04-11T09:40:15.235702Z">
    <authUsers>
      <authUser username="demostudent 191" email="demostudent@tecnico.ulisboa.pt" type="TECNICO" isActive="true" />
    </authUsers>
    <courseExecutions>
      <courseExecution executionId="3" />
    </courseExecutions>
  </user>
  <user key="118" name="Student 192" role="STUDENT" admin="false" creationDate="2023-04-11T09:40:15.238769Z">
    <authUsers>
      <authUser username="demostudent 192" email="demostudent@tecnico.ulisboa.pt" type="TECNICO" isActive="true" />
    </authUsers>
    <courseExecutions>
      <courseExecution executionId="3" />
    </courseExecutions>
  </user>
  <user key="119" name="Student 193" role="STUDENT" admin="false" creationDate="2023-04-11T09:40:15.242017Z">
    <authUsers>
      <authUser username="demostudent 193" email="demostudent@tecnico.ulisboa.pt" type="TECNICO" isActive="true" />
    </authUsers>
    <courseExecutions>
      <courseExecution executionId="3" />
    </courseExecutions>
  </user>
  <user key="120" name="Student 194" role="STUDENT" admin="false" creationDate="2023-04-11T09:40:15.246509Z">
    <authUsers>
      <authUser username="demostudent 194" email="demostudent@tecnico.ulisboa.pt" type="TECNICO" isActive="true" />
    </authUsers>
    <courseExecutions>
      <courseExecution executionId="3" />
    </courseExecutions>
  </user>
  <user key="121" name="Student 195" role="STUDENT" admin="false" creationDate="2023-04-11T09:40:15.250208Z">
    <authUsers>
      <authUser username="demostudent 195" email="demostudent@tecnico.ulisboa.pt" type="TECNICO" isActive="true" />
    </authUsers>
    <courseExecutions>
      <courseExecution executionId="3" />
    </courseExecutions>
  </user>
  <user key="122" name="Student 196" role="STUDENT" admin="false" creationDate="2023-04-11T09:40:15.253862Z">
    <authUsers>
      <authUser username="demostudent 196" email="demostudent@tecnico.ulisboa.pt" type="TECNICO" isActive="true" />
    </authUsers>
    <courseExecutions>
      <courseExecution executionId="3" />
    </courseExecutions>
  </user>
  <user key="123" name="Student 197" role="STUDENT" admin="false" creationDate="2023-04-11T09:40:15.257502Z">
    <authUsers>
      <authUser username="demostudent 197" email="demostudent@tecnico.ulisboa.pt" type="TECNICO" isActive="true" />
    </authUsers>
    <courseExecutions>
      <courseExecution executionId="3" />
    </courseExecutions>
  </user>
  <user key="124" name="Student 198" role="STUDENT" admin="false" creationDate="2023-04-11T09:40:15.261242Z">
    <authUsers>
      <authUser username="demostudent 198" email="demostudent@tecnico.ulisboa.pt" type="TECNICO" isActive="true" />
    </authUsers>
    <courseExecutions>
      <courseExecution executionId="3" />
    </courseExecutions>
  </user>
  <user key="125" name="Student 199" role="STUDENT" admin="false" creationDate="2023-04-11T09:40:15.265193Z">
    <authUsers>
      <authUser username="demostudent 199" email="demostudent@tecnico.ulisboa.pt" type="TECNICO" isActive="true" />
    </authUsers>
    <courseExecutions>
      <courseExecution executionId="3" />
    </courseExecutions>
  </user>
  <user key="126" name="Student 200" role="STUDENT" admin="false" creationDate="2023-04-11T09:40:15.269100Z">
    <authUsers>
      <authUser username="demostudent 200" email="demostudent@tecnico.ulisboa.pt" type="TECNICO" isActive="true" />
    </authUsers>
    <courseExecutions>
      <courseExecution executionId="3" />
    </courseExecutions>
  </user>
  <user key="127" name="Student 201" role="STUDENT" admin="false" creationDate="2023-04-11T09:40:15.272947Z">
    <authUsers>
      <authUser username="demostudent 201" email="demostudent@tecnico.ulisboa.pt" type="TECNICO" isActive="true" />
    </authUsers>
    <courseExecutions>
      <courseExecution executionId="3" />
    </courseExecutions>
  </user>
  <user key="128" name="Student 202" role="STUDENT" admin="false" creationDate="2023-04-11T09:40:15.276848Z">
    <authUsers>
      <authUser username="demostudent 202" email="demostudent@tecnico.ulisboa.pt" type="TECNICO" isActive="true" />
    </authUsers>
    <courseExecutions>
      <courseExecution executionId="3" />
    </courseExecutions>
  </user>
  <user key="129" name="Student 250" role="STUDENT" admin="false" creationDate="2023-04-11T09:40:15.280754Z">
    <authUsers>
      <authUser username="demostudent 250" email="demostudent@tecnico.ulisboa.pt" type="TECNICO" isActive="true" />
    </authUsers>
    <courseExecutions>
      <courseExecution executionId="4" />
    </courseExecutions>
  </user>
  <user key="130" name="Student 251" role="STUDENT" admin="false" creationDate="2023-04-11T09:40:15.284381Z">
    <authUsers>
      <authUser username="demostudent 251" email="demostudent@tecnico.ulisboa.pt" type="TECNICO" isActive="true" />
    </authUsers>
    <courseExecutions>
      <courseExecution executionId="4" />
    </courseExecutions>
  </user>
  <user key="131" name="Student 252" role="STUDENT" admin="false" creationDate="2023-04-11T09:40:15.287926Z">
    <authUsers>
      <authUser username="demostudent 252" email="demostudent@tecnico.ulisboa.pt" type="TECNICO" isActive="true" />
    </authUsers>
    <courseExecutions>
      <courseExecution executionId="4" />
    </courseExecutions>
  </user>
  <user key="132" name="Student 253" role="STUDENT" admin="false" creationDate="2023-04-11T09:40:15.291211Z">
    <authUsers>
      <authUser username="demostudent 253" email="demostudent@tecnico.ulisboa.pt" type="TECNICO" isActive="true" />
    </authUsers>
    <courseExecutions>
      <courseExecution executionId="4" />
    </courseExecutions>
  </user>
  <user key="133" name="Student 254" role="STUDENT" admin="false" creationDate="2023-04-11T09:40:15.294721Z">
    <authUsers>
      <authUser username="demostudent 254" email="demostudent@tecnico.ulisboa.pt" type="TECNICO" isActive="true" />
    </authUsers>
    <courseExecutions>
      <courseExecution executionId="4" />
    </courseExecutions>
  </user>
  <user key="134" name="Student 255" role="STUDENT" admin="false" creationDate="2023-04-11T09:40:15.298480Z">
    <authUsers>
      <authUser username="demostudent 255" email="demostudent@tecnico.ulisboa.pt" type="TECNICO" isActive="true" />
    </authUsers>
    <courseExecutions>
      <courseExecution executionId="4" />
    </courseExecutions>
  </user>
  <user key="135" name="Student 256" role="STUDENT" admin="false" creationDate="2023-04-11T09:40:15.302251Z">
    <authUsers>
      <authUser username="demostudent 256" email="demostudent@tecnico.ulisboa.pt" type="TECNICO" isActive="true" />
    </authUsers>
    <courseExecutions>
      <courseExecution executionId="4" />
    </courseExecutions>
  </user>
  <user key="136" name="Student 257" role="STUDENT" admin="false" creationDate="2023-04-11T09:40:15.305906Z">
    <authUsers>
      <authUser username="demostudent 257" email="demostudent@tecnico.ulisboa.pt" type="TECNICO" isActive="true" />
    </authUsers>
    <courseExecutions>
      <courseExecution executionId="4" />
    </courseExecutions>
  </user>
  <user key="137" name="Student 258" role="STUDENT" admin="false" creationDate="2023-04-11T09:40:15.309659Z">
    <authUsers>
      <authUser username="demostudent 258" email="demostudent@tecnico.ulisboa.pt" type="TECNICO" isActive="true" />
    </authUsers>
    <courseExecutions>
      <courseExecution executionId="4" />
    </courseExecutions>
  </user>
  <user key="138" name="Student 259" role="STUDENT" admin="false" creationDate="2023-04-11T09:40:15.313375Z">
    <authUsers>
      <authUser username="demostudent 259" email="demostudent@tecnico.ulisboa.pt" type="TECNICO" isActive="true" />
    </authUsers>
    <courseExecutions>
      <courseExecution executionId="4" />
    </courseExecutions>
  </user>
  <user key="139" name="Student 260" role="STUDENT" admin="false" creationDate="2023-04-11T09:40:15.317022Z">
    <authUsers>
      <authUser username="demostudent 260" email="demostudent@tecnico.ulisboa.pt" type="TECNICO" isActive="true" />
    </authUsers>
    <courseExecutions>
      <courseExecution executionId="4" />
    </courseExecutions>
  </user>
  <user key="140" name="Student 261" role="STUDENT" admin="false" creationDate="2023-04-11T09:40:15.320822Z">
    <authUsers>
      <authUser username="demostudent 261" email="demostudent@tecnico.ulisboa.pt" type="TECNICO" isActive="true" />
    </authUsers>
    <courseExecutions>
      <courseExecution executionId="4" />
    </courseExecutions>
  </user>
  <user key="141" name="Student 262" role="STUDENT" admin="false" creationDate="2023-04-11T09:40:15.324561Z">
    <authUsers>
      <authUser username="demostudent 262" email="demostudent@tecnico.ulisboa.pt" type="TECNICO" isActive="true" />
    </authUsers>
    <courseExecutions>
      <courseExecution executionId="4" />
    </courseExecutions>
  </user>
  <user key="142" name="Student 263" role="STUDENT" admin="false" creationDate="2023-04-11T09:40:15.328282Z">
    <authUsers>
      <authUser username="demostudent 263" email="demostudent@tecnico.ulisboa.pt" type="TECNICO" isActive="true" />
    </authUsers>
    <courseExecutions>
      <courseExecution executionId="4" />
    </courseExecutions>
  </user>
  <user key="143" name="Student 264" role="STUDENT" admin="false" creationDate="2023-04-11T09:40:15.331970Z">
    <authUsers>
      <authUser username="demostudent 264" email="demostudent@tecnico.ulisboa.pt" type="TECNICO" isActive="true" />
    </authUsers>
    <courseExecutions>
      <courseExecution executionId="4" />
    </courseExecutions>
  </user>
  <user key="144" name="Student 265" role="STUDENT" admin="false" creationDate="2023-04-11T09:40:15.335298Z">
    <authUsers>
      <authUser username="demostudent 265" email="demostudent@tecnico.ulisboa.pt" type="TECNICO" isActive="true" />
    </authUsers>
    <courseExecutions>
      <courseExecution executionId="4" />
    </courseExecutions>
  </user>
  <user key="145" name="Student 266" role="STUDENT" admin="false" creationDate="2023-04-11T09:40:15.339071Z">
    <authUsers>
      <authUser username="demostudent 266" email="demostudent@tecnico.ulisboa.pt" type="TECNICO" isActive="true" />
    </authUsers>
    <courseExecutions>
      <courseExecution executionId="4" />
    </courseExecutions>
  </user>
  <user key="146" name="Student 267" role="STUDENT" admin="false" creationDate="2023-04-11T09:40:15.342745Z">
    <authUsers>
      <authUser username="demostudent 267" email="demostudent@tecnico.ulisboa.pt" type="TECNICO" isActive="true" />
    </authUsers>
    <courseExecutions>
      <courseExecution executionId="4" />
    </courseExecutions>
  </user>
  <user key="147" name="Student 268" role="STUDENT" admin="false" creationDate="2023-04-11T09:40:15.346146Z">
    <authUsers>
      <authUser username="demostudent 268" email="demostudent@tecnico.ulisboa.pt" type="TECNICO" isActive="true" />
    </authUsers>
    <courseExecutions>
      <courseExecution executionId="4" />
    </courseExecutions>
  </user>
  <user key="148" name="Student 269" role="STUDENT" admin="false" creationDate="2023-04-11T09:40:15.349723Z">
    <authUsers>
      <authUser username="demostudent 269" email="demostudent@tecnico.ulisboa.pt" type="TECNICO" isActive="true" />
    </authUsers>
    <courseExecutions>
      <courseExecution executionId="4" />
    </courseExecutions>
  </user>
</users>