<quizzes>
  <quiz courseName="Demo Course" courseType="TECNICO" courseExecutionType="TECNICO" acronym="DemoCourse" academicTerm="1st Semester 2017/2018" key="2" scramble="true" qrCodeOnly="false" oneWay="true" type="IN_CLASS" title="In Class Quiz One Way" creationDate="2023-04-12T00:00:00.125089Z" availableDate="2023-04-12T00:00:00.125111Z" conclusionDate="2023-04-12T22:00:00.125119Z">
    <quizQuestions />
  </quiz>
  <quiz courseName="Demo Course" courseType="TECNICO" courseExecutionType="TECNICO" acronym="DemoCourse" academicTerm="1st Semester 2017/2018" key="3" scramble="true" qrCodeOnly="false" oneWay="false" type="IN_CLASS" title="In Class Quiz" creationDate="2023-04-12T00:00:00.125446Z" availableDate="2023-04-12T00:00:00.125460Z" conclusionDate="2023-04-12T22:00:00.125468Z">
    <quizQuestions />
  </quiz>
  <quiz courseName="Demo Course" courseType="TECNICO" courseExecutionType="TECNICO" acronym="DemoCourse" academicTerm="1st Semester 2017/2018" key="1" scramble="true" qrCodeOnly="false" oneWay="false" type="PROPOSED" title="Teacher Proposed" creationDate="2023-04-12T00:00:00.125618Z" availableDate="2023-04-12T00:00:00.125628Z">
    <quizQuestions />
  </quiz>
  <quiz courseName="Demo Course" courseType="TECNICO" courseExecutionType="TECNICO" acronym="DemoCourse" academicTerm="1st Semester 2017/2018" key="4" scramble="false" qrCodeOnly="false" oneWay="false" type="PROPOSED" title="Non Scrambled" creationDate="2023-04-12T00:00:00.125761Z" availableDate="2023-04-12T00:00:00.125771Z">
    <quizQuestions />
  </quiz>
</quizzes>