<quizzes>
  <quiz courseName="Demo Course" courseType="TECNICO" courseExecutionType="TECNICO" acronym="DemoCourse" academicTerm="1st Semester 2017/2018" key="1" scramble="true" qrCodeOnly="false" oneWay="true" type="IN_CLASS" title="In Class Quiz One Way" creationDate="2023-04-10T11:59:00.096586Z" availableDate="2023-04-10T11:59:00.096630Z" conclusionDate="2023-04-11T09:59:00.096638Z">
    <quizQuestions />
  </quiz>
  <quiz courseName="Demo Course" courseType="TECNICO" courseExecutionType="TECNICO" acronym="DemoCourse" academicTerm="1st Semester 2017/2018" key="2" scramble="true" qrCodeOnly="false" oneWay="false" type="IN_CLASS" title="In Class Quiz" creationDate="2023-04-10T11:59:00.097154Z" availableDate="2023-04-10T11:59:00.097170Z" conclusionDate="2023-04-11T09:59:00.097174Z">
    <quizQuestions />
  </quiz>
  <quiz courseName="Demo Course" courseType="TECNICO" courseExecutionType="TECNICO" acronym="DemoCourse" academicTerm="1st Semester 2017/2018" key="3" scramble="true" qrCodeOnly="false" oneWay="false" type="PROPOSED" title="Teacher Proposed" creationDate="2023-04-10T11:59:00.097400Z" availableDate="2023-04-10T11:59:00.097407Z">
    <quizQuestions />
  </quiz>
  <quiz courseName="Demo Course" courseType="TECNICO" courseExecutionType="TECNICO" acronym="DemoCourse" academicTerm="1st Semester 2017/2018" key="4" scramble="false" qrCodeOnly="false" oneWay="false" type="PROPOSED" title="Non Scrambled" creationDate="2023-04-10T11:59:00.097560Z" availableDate="2023-04-10T11:59:00.097567Z">
    <quizQuestions />
  </quiz>
</quizzes>