<users>
  <user key="1" name="Demo Teacher" role="TEACHER" admin="false" creationDate="2023-04-10T11:58:59.691431Z">
    <authUsers>
      <authUser username="demo-teacher" email="demo_teacher@mail.com" type="DEMO" isActive="true" />
    </authUsers>
    <courseExecutions>
      <courseExecution executionId="2" />
      <courseExecution executionId="4" />
      <courseExecution executionId="1" />
      <courseExecution executionId="3" />
    </courseExecutions>
  </user>
  <user key="2" name="Student 0" role="STUDENT" admin="false" creationDate="2023-04-10T11:58:59.773571Z">
    <authUsers>
      <authUser username="demostudent 0" email="demostudent@tecnico.ulisboa.pt" type="TECNICO" isActive="true" />
    </authUsers>
    <courseExecutions>
      <courseExecution executionId="1" />
    </courseExecutions>
  </user>
  <user key="3" name="Student 1" role="STUDENT" admin="false" creationDate="2023-04-10T11:58:59.784787Z">
    <authUsers>
      <authUser username="demostudent 1" email="demostudent@tecnico.ulisboa.pt" type="TECNICO" isActive="true" />
    </authUsers>
    <courseExecutions>
      <courseExecution executionId="1" />
    </courseExecutions>
  </user>
  <user key="4" name="Student 2" role="STUDENT" admin="false" creationDate="2023-04-10T11:58:59.793466Z">
    <authUsers>
      <authUser username="demostudent 2" email="demostudent@tecnico.ulisboa.pt" type="TECNICO" isActive="true" />
    </authUsers>
    <courseExecutions>
      <courseExecution executionId="1" />
    </courseExecutions>
  </user>
  <user key="5" name="Student 3" role="STUDENT" admin="false" creationDate="2023-04-10T11:58:59.798443Z">
    <authUsers>
      <authUser username="demostudent 3" email="demostudent@tecnico.ulisboa.pt" type="TECNICO" isActive="true" />
    </authUsers>
    <courseExecutions>
      <courseExecution executionId="1" />
    </courseExecutions>
  </user>
  <user key="6" name="Student 4" role="STUDENT" admin="false" creationDate="2023-04-10T11:58:59.803705Z">
    <authUsers>
      <authUser username="demostudent 4" email="demostudent@tecnico.ulisboa.pt" type="TECNICO" isActive="true" />
    </authUsers>
    <courseExecutions>
      <courseExecution executionId="1" />
    </courseExecutions>
  </user>
  <user key="7" name="Student 5" role="STUDENT" admin="false" creationDate="2023-04-10T11:58:59.812208Z">
    <authUsers>
      <authUser username="demostudent 5" email="demostudent@tecnico.ulisboa.pt" type="TECNICO" isActive="true" />
    </authUsers>
    <courseExecutions>
      <courseExecution executionId="1" />
    </courseExecutions>
  </user>
  <user key="8" name="Student 6" role="STUDENT" admin="false" creationDate="2023-04-10T11:58:59.820911Z">
    <authUsers>
      <authUser username="demostudent 6" email="demostudent@tecnico.ulisboa.pt" type="TECNICO" isActive="true" />
    </authUsers>
    <courseExecutions>
      <courseExecution executionId="1" />
    </courseExecutions>
  </user>
  <user key="9" name="Student 7" role="STUDENT" admin="false" creationDate="2023-04-10T11:58:59.824292Z">
    <authUsers>
      <authUser username="demostudent 7" email="demostudent@tecnico.ulisboa.pt" type="TECNICO" isActive="true" />
    </authUsers>
    <courseExecutions>
      <courseExecution executionId="1" />
    </courseExecutions>
  </user>
  <user key="10" name="Student 8" role="STUDENT" admin="false" creationDate="2023-04-10T11:58:59.827837Z">
    <authUsers>
      <authUser username="demostudent 8" email="demostudent@tecnico.ulisboa.pt" type="TECNICO" isActive="true" />
    </authUsers>
    <courseExecutions>
      <courseExecution executionId="1" />
    </courseExecutions>
  </user>
  <user key="11" name="Student 9" role="STUDENT" admin="false" creationDate="2023-04-10T11:58:59.831549Z">
    <authUsers>
      <authUser username="demostudent 9" email="demostudent@tecnico.ulisboa.pt" type="TECNICO" isActive="true" />
    </authUsers>
    <courseExecutions>
      <courseExecution executionId="1" />
    </courseExecutions>
  </user>
  <user key="12" name="Student 10" role="STUDENT" admin="false" creationDate="2023-04-10T11:58:59.836326Z">
    <authUsers>
      <authUser username="demostudent 10" email="demostudent@tecnico.ulisboa.pt" type="TECNICO" isActive="true" />
    </authUsers>
    <courseExecutions>
      <courseExecution executionId="1" />
    </courseExecutions>
  </user>
  <user key="13" name="Student 11" role="STUDENT" admin="false" creationDate="2023-04-10T11:58:59.840944Z">
    <authUsers>
      <authUser username="demostudent 11" email="demostudent@tecnico.ulisboa.pt" type="TECNICO" isActive="true" />
    </authUsers>
    <courseExecutions>
      <courseExecution executionId="1" />
    </courseExecutions>
  </user>
  <user key="14" name="Student 12" role="STUDENT" admin="false" creationDate="2023-04-10T11:58:59.844995Z">
    <authUsers>
      <authUser username="demostudent 12" email="demostudent@tecnico.ulisboa.pt" type="TECNICO" isActive="true" />
    </authUsers>
    <courseExecutions>
      <courseExecution executionId="1" />
    </courseExecutions>
  </user>
  <user key="15" name="Student 13" role="STUDENT" admin="false" creationDate="2023-04-10T11:58:59.850182Z">
    <authUsers>
      <authUser username="demostudent 13" email="demostudent@tecnico.ulisboa.pt" type="TECNICO" isActive="true" />
    </authUsers>
    <courseExecutions>
      <courseExecution executionId="1" />
    </courseExecutions>
  </user>
  <user key="16" name="Student 14" role="STUDENT" admin="false" creationDate="2023-04-10T11:58:59.854806Z">
    <authUsers>
      <authUser username="demostudent 14" email="demostudent@tecnico.ulisboa.pt" type="TECNICO" isActive="true" />
    </authUsers>
    <courseExecutions>
      <courseExecution executionId="1" />
    </courseExecutions>
  </user>
  <user key="17" name="Student 15" role="STUDENT" admin="false" creationDate="2023-04-10T11:58:59.858690Z">
    <authUsers>
      <authUser username="demostudent 15" email="demostudent@tecnico.ulisboa.pt" type="TECNICO" isActive="true" />
    </authUsers>
    <courseExecutions>
      <courseExecution executionId="1" />
    </courseExecutions>
  </user>
  <user key="18" name="Student 16" role="STUDENT" admin="false" creationDate="2023-04-10T11:58:59.862005Z">
    <authUsers>
      <authUser username="demostudent 16" email="demostudent@tecnico.ulisboa.pt" type="TECNICO" isActive="true" />
    </authUsers>
    <courseExecutions>
      <courseExecution executionId="1" />
    </courseExecutions>
  </user>
  <user key="19" name="Student 17" role="STUDENT" admin="false" creationDate="2023-04-10T11:58:59.865480Z">
    <authUsers>
      <authUser username="demostudent 17" email="demostudent@tecnico.ulisboa.pt" type="TECNICO" isActive="true" />
    </authUsers>
    <courseExecutions>
      <courseExecution executionId="1" />
    </courseExecutions>
  </user>
  <user key="20" name="Student 18" role="STUDENT" admin="false" creationDate="2023-04-10T11:58:59.868515Z">
    <authUsers>
      <authUser username="demostudent 18" email="demostudent@tecnico.ulisboa.pt" type="TECNICO" isActive="true" />
    </authUsers>
    <courseExecutions>
      <courseExecution executionId="1" />
    </courseExecutions>
  </user>
  <user key="21" name="Student 19" role="STUDENT" admin="false" creationDate="2023-04-10T11:58:59.871651Z">
    <authUsers>
      <authUser username="demostudent 19" email="demostudent@tecnico.ulisboa.pt" type="TECNICO" isActive="true" />
    </authUsers>
    <courseExecutions>
      <courseExecution executionId="1" />
    </courseExecutions>
  </user>
  <user key="22" name="Student 20" role="STUDENT" admin="false" creationDate="2023-04-10T11:58:59.874971Z">
    <authUsers>
      <authUser username="demostudent 20" email="demostudent@tecnico.ulisboa.pt" type="TECNICO" isActive="true" />
    </authUsers>
    <courseExecutions>
      <courseExecution executionId="1" />
    </courseExecutions>
  </user>
  <user key="23" name="Student 21" role="STUDENT" admin="false" creationDate="2023-04-10T11:58:59.878003Z">
    <authUsers>
      <authUser username="demostudent 21" email="demostudent@tecnico.ulisboa.pt" type="TECNICO" isActive="true" />
    </authUsers>
    <courseExecutions>
      <courseExecution executionId="1" />
    </courseExecutions>
  </user>
  <user key="24" name="Student 22" role="STUDENT" admin="false" creationDate="2023-04-10T11:58:59.881014Z">
    <authUsers>
      <authUser username="demostudent 22" email="demostudent@tecnico.ulisboa.pt" type="TECNICO" isActive="true" />
    </authUsers>
    <courseExecutions>
      <courseExecution executionId="1" />
    </courseExecutions>
  </user>
  <user key="25" name="Student 23" role="STUDENT" admin="false" creationDate="2023-04-10T11:58:59.883925Z">
    <authUsers>
      <authUser username="demostudent 23" email="demostudent@tecnico.ulisboa.pt" type="TECNICO" isActive="true" />
    </authUsers>
    <courseExecutions>
      <courseExecution executionId="1" />
    </courseExecutions>
  </user>
  <user key="26" name="Student 24" role="STUDENT" admin="false" creationDate="2023-04-10T11:58:59.886906Z">
    <authUsers>
      <authUser username="demostudent 24" email="demostudent@tecnico.ulisboa.pt" type="TECNICO" isActive="true" />
    </authUsers>
    <courseExecutions>
      <courseExecution executionId="1" />
    </courseExecutions>
  </user>
  <user key="27" name="Student 25" role="STUDENT" admin="false" creationDate="2023-04-10T11:58:59.889799Z">
    <authUsers>
      <authUser username="demostudent 25" email="demostudent@tecnico.ulisboa.pt" type="TECNICO" isActive="true" />
    </authUsers>
    <courseExecutions>
      <courseExecution executionId="1" />
    </courseExecutions>
  </user>
  <user key="28" name="Student 26" role="STUDENT" admin="false" creationDate="2023-04-10T11:58:59.892470Z">
    <authUsers>
      <authUser username="demostudent 26" email="demostudent@tecnico.ulisboa.pt" type="TECNICO" isActive="true" />
    </authUsers>
    <courseExecutions>
      <courseExecution executionId="1" />
    </courseExecutions>
  </user>
  <user key="29" name="Student 27" role="STUDENT" admin="false" creationDate="2023-04-10T11:58:59.895437Z">
    <authUsers>
      <authUser username="demostudent 27" email="demostudent@tecnico.ulisboa.pt" type="TECNICO" isActive="true" />
    </authUsers>
    <courseExecutions>
      <courseExecution executionId="1" />
    </courseExecutions>
  </user>
  <user key="30" name="Student 28" role="STUDENT" admin="false" creationDate="2023-04-10T11:58:59.898734Z">
    <authUsers>
      <authUser username="demostudent 28" email="demostudent@tecnico.ulisboa.pt" type="TECNICO" isActive="true" />
    </authUsers>
    <courseExecutions>
      <courseExecution executionId="1" />
    </courseExecutions>
  </user>
  <user key="31" name="Student 29" role="STUDENT" admin="false" creationDate="2023-04-10T11:58:59.902480Z">
    <authUsers>
      <authUser username="demostudent 29" email="demostudent@tecnico.ulisboa.pt" type="TECNICO" isActive="true" />
    </authUsers>
    <courseExecutions>
      <courseExecution executionId="1" />
    </courseExecutions>
  </user>
  <user key="32" name="Student 30" role="STUDENT" admin="false" creationDate="2023-04-10T11:58:59.905691Z">
    <authUsers>
      <authUser username="demostudent 30" email="demostudent@tecnico.ulisboa.pt" type="TECNICO" isActive="true" />
    </authUsers>
    <courseExecutions>
      <courseExecution executionId="1" />
    </courseExecutions>
  </user>
  <user key="33" name="Student 31" role="STUDENT" admin="false" creationDate="2023-04-10T11:58:59.908361Z">
    <authUsers>
      <authUser username="demostudent 31" email="demostudent@tecnico.ulisboa.pt" type="TECNICO" isActive="true" />
    </authUsers>
    <courseExecutions>
      <courseExecution executionId="1" />
    </courseExecutions>
  </user>
  <user key="34" name="Student 32" role="STUDENT" admin="false" creationDate="2023-04-10T11:58:59.911841Z">
    <authUsers>
      <authUser username="demostudent 32" email="demostudent@tecnico.ulisboa.pt" type="TECNICO" isActive="true" />
    </authUsers>
    <courseExecutions>
      <courseExecution executionId="1" />
    </courseExecutions>
  </user>
  <user key="35" name="Student 33" role="STUDENT" admin="false" creationDate="2023-04-10T11:58:59.914974Z">
    <authUsers>
      <authUser username="demostudent 33" email="demostudent@tecnico.ulisboa.pt" type="TECNICO" isActive="true" />
    </authUsers>
    <courseExecutions>
      <courseExecution executionId="1" />
    </courseExecutions>
  </user>
  <user key="36" name="Student 34" role="STUDENT" admin="false" creationDate="2023-04-10T11:58:59.918361Z">
    <authUsers>
      <authUser username="demostudent 34" email="demostudent@tecnico.ulisboa.pt" type="TECNICO" isActive="true" />
    </authUsers>
    <courseExecutions>
      <courseExecution executionId="1" />
    </courseExecutions>
  </user>
  <user key="37" name="Student 35" role="STUDENT" admin="false" creationDate="2023-04-10T11:58:59.922910Z">
    <authUsers>
      <authUser username="demostudent 35" email="demostudent@tecnico.ulisboa.pt" type="TECNICO" isActive="true" />
    </authUsers>
    <courseExecutions>
      <courseExecution executionId="1" />
    </courseExecutions>
  </user>
  <user key="38" name="Student 36" role="STUDENT" admin="false" creationDate="2023-04-10T11:58:59.926820Z">
    <authUsers>
      <authUser username="demostudent 36" email="demostudent@tecnico.ulisboa.pt" type="TECNICO" isActive="true" />
    </authUsers>
    <courseExecutions>
      <courseExecution executionId="1" />
    </courseExecutions>
  </user>
  <user key="39" name="Student 37" role="STUDENT" admin="false" creationDate="2023-04-10T11:58:59.930197Z">
    <authUsers>
      <authUser username="demostudent 37" email="demostudent@tecnico.ulisboa.pt" type="TECNICO" isActive="true" />
    </authUsers>
    <courseExecutions>
      <courseExecution executionId="1" />
    </courseExecutions>
  </user>
  <user key="40" name="Student 38" role="STUDENT" admin="false" creationDate="2023-04-10T11:58:59.933572Z">
    <authUsers>
      <authUser username="demostudent 38" email="demostudent@tecnico.ulisboa.pt" type="TECNICO" isActive="true" />
    </authUsers>
    <courseExecutions>
      <courseExecution executionId="1" />
    </courseExecutions>
  </user>
  <user key="41" name="Student 39" role="STUDENT" admin="false" creationDate="2023-04-10T11:58:59.936803Z">
    <authUsers>
      <authUser username="demostudent 39" email="demostudent@tecnico.ulisboa.pt" type="TECNICO" isActive="true" />
    </authUsers>
    <courseExecutions>
      <courseExecution executionId="1" />
    </courseExecutions>
  </user>
  <user key="42" name="Student 40" role="STUDENT" admin="false" creationDate="2023-04-10T11:58:59.939929Z">
    <authUsers>
      <authUser username="demostudent 40" email="demostudent@tecnico.ulisboa.pt" type="TECNICO" isActive="true" />
    </authUsers>
    <courseExecutions>
      <courseExecution executionId="1" />
    </courseExecutions>
  </user>
  <user key="43" name="Student 41" role="STUDENT" admin="false" creationDate="2023-04-10T11:58:59.943008Z">
    <authUsers>
      <authUser username="demostudent 41" email="demostudent@tecnico.ulisboa.pt" type="TECNICO" isActive="true" />
    </authUsers>
    <courseExecutions>
      <courseExecution executionId="1" />
    </courseExecutions>
  </user>
  <user key="44" name="Student 42" role="STUDENT" admin="false" creationDate="2023-04-10T11:58:59.945874Z">
    <authUsers>
      <authUser username="demostudent 42" email="demostudent@tecnico.ulisboa.pt" type="TECNICO" isActive="true" />
    </authUsers>
    <courseExecutions>
      <courseExecution executionId="1" />
    </courseExecutions>
  </user>
  <user key="45" name="Student 43" role="STUDENT" admin="false" creationDate="2023-04-10T11:58:59.948644Z">
    <authUsers>
      <authUser username="demostudent 43" email="demostudent@tecnico.ulisboa.pt" type="TECNICO" isActive="true" />
    </authUsers>
    <courseExecutions>
      <courseExecution executionId="1" />
    </courseExecutions>
  </user>
  <user key="46" name="Student 44" role="STUDENT" admin="false" creationDate="2023-04-10T11:58:59.951373Z">
    <authUsers>
      <authUser username="demostudent 44" email="demostudent@tecnico.ulisboa.pt" type="TECNICO" isActive="true" />
    </authUsers>
    <courseExecutions>
      <courseExecution executionId="1" />
    </courseExecutions>
  </user>
  <user key="47" name="Student 45" role="STUDENT" admin="false" creationDate="2023-04-10T11:58:59.954936Z">
    <authUsers>
      <authUser username="demostudent 45" email="demostudent@tecnico.ulisboa.pt" type="TECNICO" isActive="true" />
    </authUsers>
    <courseExecutions>
      <courseExecution executionId="1" />
    </courseExecutions>
  </user>
  <user key="48" name="Student 46" role="STUDENT" admin="false" creationDate="2023-04-10T11:58:59.959950Z">
    <authUsers>
      <authUser username="demostudent 46" email="demostudent@tecnico.ulisboa.pt" type="TECNICO" isActive="true" />
    </authUsers>
    <courseExecutions>
      <courseExecution executionId="1" />
    </courseExecutions>
  </user>
  <user key="49" name="Student 47" role="STUDENT" admin="false" creationDate="2023-04-10T11:58:59.965584Z">
    <authUsers>
      <authUser username="demostudent 47" email="demostudent@tecnico.ulisboa.pt" type="TECNICO" isActive="true" />
    </authUsers>
    <courseExecutions>
      <courseExecution executionId="1" />
    </courseExecutions>
  </user>
  <user key="50" name="Student 48" role="STUDENT" admin="false" creationDate="2023-04-10T11:58:59.968744Z">
    <authUsers>
      <authUser username="demostudent 48" email="demostudent@tecnico.ulisboa.pt" type="TECNICO" isActive="true" />
    </authUsers>
    <courseExecutions>
      <courseExecution executionId="1" />
    </courseExecutions>
  </user>
  <user key="51" name="Student 050" role="STUDENT" admin="false" creationDate="2023-04-10T11:58:59.971546Z">
    <authUsers>
      <authUser username="demostudent 050" email="demostudent@tecnico.ulisboa.pt" type="TECNICO" isActive="true" />
    </authUsers>
    <courseExecutions>
      <courseExecution executionId="2" />
    </courseExecutions>
  </user>
  <user key="52" name="Student 150" role="STUDENT" admin="false" creationDate="2023-04-10T11:58:59.974804Z">
    <authUsers>
      <authUser username="demostudent 150" email="demostudent@tecnico.ulisboa.pt" type="TECNICO" isActive="true" />
    </authUsers>
    <courseExecutions>
      <courseExecution executionId="2" />
    </courseExecutions>
  </user>
  <user key="53" name="Student 250" role="STUDENT" admin="false" creationDate="2023-04-10T11:58:59.978121Z">
    <authUsers>
      <authUser username="demostudent 250" email="demostudent@tecnico.ulisboa.pt" type="TECNICO" isActive="true" />
    </authUsers>
    <courseExecutions>
      <courseExecution executionId="2" />
    </courseExecutions>
  </user>
  <user key="54" name="Student 350" role="STUDENT" admin="false" creationDate="2023-04-10T11:58:59.980717Z">
    <authUsers>
      <authUser username="demostudent 350" email="demostudent@tecnico.ulisboa.pt" type="TECNICO" isActive="true" />
    </authUsers>
    <courseExecutions>
      <courseExecution executionId="2" />
    </courseExecutions>
  </user>
  <user key="55" name="Student 450" role="STUDENT" admin="false" creationDate="2023-04-10T11:58:59.983699Z">
    <authUsers>
      <authUser username="demostudent 450" email="demostudent@tecnico.ulisboa.pt" type="TECNICO" isActive="true" />
    </authUsers>
    <courseExecutions>
      <courseExecution executionId="2" />
    </courseExecutions>
  </user>
  <user key="56" name="Student 550" role="STUDENT" admin="false" creationDate="2023-04-10T11:58:59.986874Z">
    <authUsers>
      <authUser username="demostudent 550" email="demostudent@tecnico.ulisboa.pt" type="TECNICO" isActive="true" />
    </authUsers>
    <courseExecutions>
      <courseExecution executionId="2" />
    </courseExecutions>
  </user>
  <user key="57" name="Student 650" role="STUDENT" admin="false" creationDate="2023-04-10T11:58:59.989867Z">
    <authUsers>
      <authUser username="demostudent 650" email="demostudent@tecnico.ulisboa.pt" type="TECNICO" isActive="true" />
    </authUsers>
    <courseExecutions>
      <courseExecution executionId="2" />
    </courseExecutions>
  </user>
  <user key="58" name="Student 750" role="STUDENT" admin="false" creationDate="2023-04-10T11:58:59.993335Z">
    <authUsers>
      <authUser username="demostudent 750" email="demostudent@tecnico.ulisboa.pt" type="TECNICO" isActive="true" />
    </authUsers>
    <courseExecutions>
      <courseExecution executionId="2" />
    </courseExecutions>
  </user>
  <user key="59" name="Student 850" role="STUDENT" admin="false" creationDate="2023-04-10T11:58:59.996776Z">
    <authUsers>
      <authUser username="demostudent 850" email="demostudent@tecnico.ulisboa.pt" type="TECNICO" isActive="true" />
    </authUsers>
    <courseExecutions>
      <courseExecution executionId="2" />
    </courseExecutions>
  </user>
  <user key="60" name="Student 950" role="STUDENT" admin="false" creationDate="2023-04-10T11:59:00.000108Z">
    <authUsers>
      <authUser username="demostudent 950" email="demostudent@tecnico.ulisboa.pt" type="TECNICO" isActive="true" />
    </authUsers>
    <courseExecutions>
      <courseExecution executionId="2" />
    </courseExecutions>
  </user>
  <user key="61" name="Student 1050" role="STUDENT" admin="false" creationDate="2023-04-10T11:59:00.003648Z">
    <authUsers>
      <authUser username="demostudent 1050" email="demostudent@tecnico.ulisboa.pt" type="TECNICO" isActive="true" />
    </authUsers>
    <courseExecutions>
      <courseExecution executionId="2" />
    </courseExecutions>
  </user>
  <user key="62" name="Student 1150" role="STUDENT" admin="false" creationDate="2023-04-10T11:59:00.006759Z">
    <authUsers>
      <authUser username="demostudent 1150" email="demostudent@tecnico.ulisboa.pt" type="TECNICO" isActive="true" />
    </authUsers>
    <courseExecutions>
      <courseExecution executionId="2" />
    </courseExecutions>
  </user>
  <user key="63" name="Student 1250" role="STUDENT" admin="false" creationDate="2023-04-10T11:59:00.010527Z">
    <authUsers>
      <authUser username="demostudent 1250" email="demostudent@tecnico.ulisboa.pt" type="TECNICO" isActive="true" />
    </authUsers>
    <courseExecutions>
      <courseExecution executionId="2" />
    </courseExecutions>
  </user>
  <user key="64" name="Student 1350" role="STUDENT" admin="false" creationDate="2023-04-10T11:59:00.014023Z">
    <authUsers>
      <authUser username="demostudent 1350" email="demostudent@tecnico.ulisboa.pt" type="TECNICO" isActive="true" />
    </authUsers>
    <courseExecutions>
      <courseExecution executionId="2" />
    </courseExecutions>
  </user>
  <user key="65" name="Student 1450" role="STUDENT" admin="false" creationDate="2023-04-10T11:59:00.017328Z">
    <authUsers>
      <authUser username="demostudent 1450" email="demostudent@tecnico.ulisboa.pt" type="TECNICO" isActive="true" />
    </authUsers>
    <courseExecutions>
      <courseExecution executionId="2" />
    </courseExecutions>
  </user>
  <user key="66" name="Student 1550" role="STUDENT" admin="false" creationDate="2023-04-10T11:59:00.022748Z">
    <authUsers>
      <authUser username="demostudent 1550" email="demostudent@tecnico.ulisboa.pt" type="TECNICO" isActive="true" />
    </authUsers>
    <courseExecutions>
      <courseExecution executionId="2" />
    </courseExecutions>
  </user>
  <user key="67" name="Student 1650" role="STUDENT" admin="false" creationDate="2023-04-10T11:59:00.028576Z">
    <authUsers>
      <authUser username="demostudent 1650" email="demostudent@tecnico.ulisboa.pt" type="TECNICO" isActive="true" />
    </authUsers>
    <courseExecutions>
      <courseExecution executionId="2" />
    </courseExecutions>
  </user>
  <user key="68" name="Student 1750" role="STUDENT" admin="false" creationDate="2023-04-10T11:59:00.031856Z">
    <authUsers>
      <authUser username="demostudent 1750" email="demostudent@tecnico.ulisboa.pt" type="TECNICO" isActive="true" />
    </authUsers>
    <courseExecutions>
      <courseExecution executionId="2" />
    </courseExecutions>
  </user>
  <user key="69" name="Student 1850" role="STUDENT" admin="false" creationDate="2023-04-10T11:59:00.034637Z">
    <authUsers>
      <authUser username="demostudent 1850" email="demostudent@tecnico.ulisboa.pt" type="TECNICO" isActive="true" />
    </authUsers>
    <courseExecutions>
      <courseExecution executionId="2" />
    </courseExecutions>
  </user>
  <user key="70" name="Student 1950" role="STUDENT" admin="false" creationDate="2023-04-10T11:59:00.037409Z">
    <authUsers>
      <authUser username="demostudent 1950" email="demostudent@tecnico.ulisboa.pt" type="TECNICO" isActive="true" />
    </authUsers>
    <courseExecutions>
      <courseExecution executionId="2" />
    </courseExecutions>
  </user>
  <user key="71" name="Student 2050" role="STUDENT" admin="false" creationDate="2023-04-10T11:59:00.040349Z">
    <authUsers>
      <authUser username="demostudent 2050" email="demostudent@tecnico.ulisboa.pt" type="TECNICO" isActive="true" />
    </authUsers>
    <courseExecutions>
      <courseExecution executionId="2" />
    </courseExecutions>
  </user>
  <user key="72" name="Student 2150" role="STUDENT" admin="false" creationDate="2023-04-10T11:59:00.043214Z">
    <authUsers>
      <authUser username="demostudent 2150" email="demostudent@tecnico.ulisboa.pt" type="TECNICO" isActive="true" />
    </authUsers>
    <courseExecutions>
      <courseExecution executionId="2" />
    </courseExecutions>
  </user>
  <user key="73" name="Student 2250" role="STUDENT" admin="false" creationDate="2023-04-10T11:59:00.045843Z">
    <authUsers>
      <authUser username="demostudent 2250" email="demostudent@tecnico.ulisboa.pt" type="TECNICO" isActive="true" />
    </authUsers>
    <courseExecutions>
      <courseExecution executionId="2" />
    </courseExecutions>
  </user>
  <user key="74" name="Student 2350" role="STUDENT" admin="false" creationDate="2023-04-10T11:59:00.048454Z">
    <authUsers>
      <authUser username="demostudent 2350" email="demostudent@tecnico.ulisboa.pt" type="TECNICO" isActive="true" />
    </authUsers>
    <courseExecutions>
      <courseExecution executionId="2" />
    </courseExecutions>
  </user>
  <user key="75" name="Student 2450" role="STUDENT" admin="false" creationDate="2023-04-10T11:59:00.051228Z">
    <authUsers>
      <authUser username="demostudent 2450" email="demostudent@tecnico.ulisboa.pt" type="TECNICO" isActive="true" />
    </authUsers>
    <courseExecutions>
      <courseExecution executionId="2" />
    </courseExecutions>
  </user>
  <user key="76" name="Student 2550" role="STUDENT" admin="false" creationDate="2023-04-10T11:59:00.054102Z">
    <authUsers>
      <authUser username="demostudent 2550" email="demostudent@tecnico.ulisboa.pt" type="TECNICO" isActive="true" />
    </authUsers>
    <courseExecutions>
      <courseExecution executionId="2" />
    </courseExecutions>
  </user>
  <user key="77" name="Student 2650" role="STUDENT" admin="false" creationDate="2023-04-10T11:59:00.057245Z">
    <authUsers>
      <authUser username="demostudent 2650" email="demostudent@tecnico.ulisboa.pt" type="TECNICO" isActive="true" />
    </authUsers>
    <courseExecutions>
      <courseExecution executionId="2" />
    </courseExecutions>
  </user>
  <user key="78" name="Student 2750" role="STUDENT" admin="false" creationDate="2023-04-10T11:59:00.059967Z">
    <authUsers>
      <authUser username="demostudent 2750" email="demostudent@tecnico.ulisboa.pt" type="TECNICO" isActive="true" />
    </authUsers>
    <courseExecutions>
      <courseExecution executionId="2" />
    </courseExecutions>
  </user>
</users>